商户名称,当前分类,出现次数,累计金额,建议分类
支付宝-上海公共交通卡股份有限公司,交通,210,736.86,交通
支付宝-上海都畅数字技术有限公司,其他,181,721.43,交通
支付宝-上海拉扎斯信息科技有限公司,超市/日用,151,5586.76,餐饮
财付通-收款类-S1-公司餐厅消费系统,餐饮,137,2712.7,餐饮
支付宝-上海盒马网络科技有限公司,超市/日用,107,6710.08,超市/日用
抖音支付-抖音电商/格物致品,网购,101,7855.98,网购
支付宝-上海申通地铁资产经营管理有限,交通,91,375.0,交通
抖音支付-抖音生活服务/所见所得,网购,80,19361.08,网购
支付宝-中国铁路网络有限公司,交通,41,25400.96,交通
财付通-速停车,交通,37,1908.0,交通
支付宝-拉扎斯网络科技（上海）有限公,其他,37,1482.49,餐饮
支付宝-上海茵赫实业有限公司,其他,35,324.2,餐饮
支付宝-拼多多平台商户,网购,34,707.08,网购
财付通-滴滴出行,交通,30,1252.68,交通
支付宝-上海福满家便利有限公司,超市/日用,22,177.85,超市/日用
支付宝-上海哈啰普惠科技有限公司,交通,22,184.6,交通
美团支付-美团骑行,餐饮,19,34.16,餐饮
支付宝-上海壹佰米网络科技有限公司,其他,17,761.19,超市/日用
支付宝-上海罗森便利有限公司,超市/日用,16,1763.32,超市/日用
财付通-瑞幸咖啡,餐饮,14,147.1,餐饮
支付宝-上海盒马,超市/日用,14,476.09,超市/日用
支付宝-浙江天猫供应链管理有限公司,网购,13,1213.01,网购
财付通-拼多多平台商户,网购,12,436.21,网购
财付通-上海莘庄维璟印象城,超市/日用,12,140.0,商场/综合体
支付宝-奥乐齐商业（上海）有限公司,其他,12,273.33,超市/日用
支付宝-中国电信股份有限公司上海分公,通讯,12,1212.6,通讯
华为支付-华为软件,其他,11,182.96,软件/科技服务
京东支付-京东商城业务,网购,11,2405.02,网购
（特约）美团,餐饮,10,492.42,餐饮
财付通-小红椒·湖湘盖码饭·小炒（传,餐饮,10,347.8,餐饮
支付宝-沃尔玛（中国）投资有限公司,超市/日用,10,4633.0,超市/日用
支付宝-无锡地铁云智慧便民服务有限公,交通,10,24.0,交通
支付宝-传媒港花园里店,餐饮,10,65.5,商场/综合体
支付宝-中移动金融科技有限公司,通讯,10,1607.0,通讯
支付宝-上海西岸传媒港开发建设有限公,其他,10,471.91,商场/综合体
支付宝-上海耐特高速公路收费结算有限,交通,10,230.84,交通
财付通-美团平台商户,餐饮,9,1553.76,餐饮
财付通-上海星巴克咖啡经营有限公司,餐饮,9,333.0,餐饮
支付宝-无印良品（上海）商业有限公司,超市/日用,9,245.12,超市/日用
支付宝-上海盒浦网络科技有限公司,其他,9,264.21,超市/日用
支付宝-名创优品上海维璟印象城1F店,娱乐,8,181.31,超市/日用
（特约）燃气费缴纳,生活缴费,7,1266.0,生活缴费
美团支付-美团App老乡鸡（上海古北1699店）,餐饮,7,220.28,餐饮
支付宝-盒马,超市/日用,7,378.44,超市/日用
支付宝-国网上海市电力公司(缴费),其他,7,1245.2,生活缴费
支付宝-华为软件技术有限公司,其他,7,287.1,软件/科技服务
财付通-新达汇·三林,其他,6,80.5,商场/综合体
支付宝-阿里健康大药房医药连锁有限公,医疗,6,470.2,医疗
支付宝-浙江森马电子商务有限公司,其他,6,544.94,网购
支付宝-厦门科拓通讯技术股份有限公司,其他,6,344.0,通讯
支付宝-上海市精神卫生中心（上海市心,其他,6,896.8,医疗
支付宝-上海东湖物业管理有限公司,生活缴费,6,45.0,生活缴费
支付宝-Tmall Global Univers,其他,6,950.85,网购
（特约）水费缴纳,其他,5,1003.42,生活缴费
（特约）携程旅行网,其他,5,3960.67,酒店/旅游
财付通-顺翼充电,其他,5,450.0,生活缴费
财付通-蜀王优芙得餐饮服务有限公司,餐饮,5,5.0,餐饮
财付通-收款类-S1-公司餐厅消费系统充值,餐饮,5,95.8,餐饮
财付通-四川茶姬企业管理有限公司,其他,5,135.82,餐饮
财付通-儿科互联网医院,医疗,5,167.4,医疗
财付通-丰巢,其他,5,6.0,快递/物流
美团支付-美团App柒月粉（江西现炒米粉徐虹,餐饮,5,132.97,餐饮
美团支付-美团App星巴克专星送(东银中心店),餐饮,5,131.5,餐饮
支付宝-杭州今日卖场供应链管理有限公,其他,5,98.3,超市/日用
支付宝-北京嘉信浩远信息技术有限公司,其他,5,3876.89,软件/科技服务
支付宝-上海浦东发展银行股份有限公司,其他,5,176.82,金融/金融服务
财付通-舀米云智慧零售,其他,4,23.2,超市/日用
财付通-粉档·南昌粉面馆,其他,4,123.0,餐饮
财付通-深圳市致远创想科技有限公司,其他,4,220.9,软件/科技服务
财付通-上海荷特宝配餐服务有限公司,其他,4,4.0,餐饮
财付通-上海一网通办缴费平台,其他,4,47.0,生活缴费
财付通-WALMART HONG KONG CO,其他,4,1278.3,超市/日用
财付通-MUJI无印良品,其他,4,180.0,超市/日用
美团支付-美团App上海欢乐谷,娱乐,4,865.0,娱乐
美团支付-大众点评App红米石Rstone江西非遗,餐饮,4,495.8,餐饮
支付宝-统一超商（上海）便利有限公司,其他,4,72.9,超市/日用
支付宝-深圳市顺易通信息科技有限公司,其他,4,48.82,通讯
支付宝-浙江俊光电子商务有限公司,其他,4,190.77,未识别/其他
支付宝-江苏通行宝智慧交通科技有限公,其他,4,121.0,交通
支付宝-名创优品（广州）有限责任公司,其他,4,115.2,超市/日用
支付宝-上海麟谊德生活用品有限公司,其他,4,73.77,超市/日用
支付宝-上海虹桥枢纽建设发展有限公司,其他,4,100.0,交通
支付宝-上海汇岗企业管理有限公司,其他,4,47.7,商场/综合体
支付宝-上海力涌商贸有限公司,其他,4,135.58,超市/日用
支付宝-App Store _ Apple Mu,订阅/会员,4,394.0,订阅/会员
哈啰出行,交通,4,8.4,交通
公共事业缴费（电费）,生活缴费,4,1878.32,生活缴费
京东支付-叮咚买菜,网购,4,252.35,餐饮
京东支付-京东大药房,网购,4,383.26,医疗
（特约）电费缴纳,其他,3,535.9,生活缴费
（特约）京东支付,网购,3,15677.0,网购
财付通-顺丰速运,其他,3,158.0,快递/物流
财付通-陈香贵,其他,3,101.64,餐饮
财付通-美团,餐饮,3,4204.9,个人转账
财付通-淘宝平台,网购,3,63.18,网购
财付通-杭州掌盟软件,其他,3,80.0,软件/科技服务
财付通-山姆会员商店,订阅/会员,3,706.7,超市/日用
财付通-奥乐齐商业（�,其他,3,48.1,超市/日用
财付通-国网智慧车联网技术有限公司,其他,3,104.57,交通
财付通-叮咚买菜,其他,3,308.1,餐饮
财付通-南京市外卖部,其他,3,50.0,未识别/其他
财付通-优悠生活晶耀前滩店,其他,3,75.0,商场/综合体
财付通-伍锅焖鸡,其他,3,91.7,餐饮
财付通-中房金谊广场,其他,3,52.5,商场/综合体
财付通-上海科技馆,教育,3,236.0,餐饮
财付通-上海复医天健医疗服务产业股份,其他,3,49.5,医疗
财付通-上海东湖物业管理有限公司,其他,3,15.0,生活缴费
美团支付-美团App蜀谭记盐帮川菜（七宝宝龙,餐饮,3,219.0,餐饮
美团支付-美团App海金滋（维璟印象城店）,餐饮,3,130.6,商场/综合体
美团支付-美团App池上便当,餐饮,3,72.55,餐饮
美团支付-美团App外婆家外婆送到家(上海长,餐饮,3,84.9,餐饮
美团支付-大众点评App丛林玩家探险乐园(上,餐饮,3,328.2,餐饮
支付宝-颂糍饭团,其他,3,47.48,餐饮
支付宝-陈小明,其他,3,62.0,个人转账
支付宝-鑫铭物业,其他,3,22.0,生活缴费
支付宝-特约商户,其他,3,41.8,金融/金融服务
支付宝-泉州市利德凯商业有限公司,其他,3,1208.95,网购
支付宝-杭州儿时文创,其他,3,20.0,娱乐
支付宝-杨国福麻辣烫,其他,3,40.87,餐饮
支付宝-支付宝-消费,其他,3,9.5,金融/金融服务
支付宝-山姆会员商店,订阅/会员,3,686.5,超市/日用
支付宝-安徽驿通信息科技有限公司,其他,3,21.0,通讯
支付宝-宁波巢儿尚制服饰有限公司,其他,3,1357.75,网购
支付宝-太仓莱卡尔烘焙城堡,餐饮,3,190.3,餐饮
支付宝-南京地铁运营有限责任公司,交通,3,8.0,交通
支付宝-华润万家有限公司,其他,3,55.0,超市/日用
支付宝-北京智者天下科技有限公司,其他,3,159.0,软件/科技服务
支付宝-北京安德鲁水果食品有限公司,餐饮,3,202.31,餐饮
支付宝-上海莘动体育发展有限公司,娱乐,3,12.17,娱乐
支付宝-上海星巴克咖啡经营有限公司,餐饮,3,219.92,餐饮
支付宝-上海市浦东新区三林社区卫生服,其他,3,1796.32,医疗
支付宝-上海左庭右院企业管理有限公司,其他,3,1086.9,餐饮
支付宝-上海小贝壳餐饮管理有限公司,餐饮,3,89.27,餐饮
支付宝-上海优悠生活商业管理有限公司,其他,3,80.7,网购
支付宝-上海万木之源家居有限公司,其他,3,7467.44,家居/日用
支付宝-LetsGo Network Incor,其他,3,343.5,未识别/其他
抖音支付-金拱门（中国）有限公司,其他,3,57.6,餐饮
财付通-黄山智慧旅游,其他,2,189.0,酒店/旅游
财付通-闪送,其他,2,113.2,快递/物流
财付通-赛百味,其他,2,22.8,餐饮
财付通-蜜雪冰城股份有限公司（活动）3,其他,2,21.0,餐饮
财付通-肯德基,餐饮,2,50.5,餐饮
财付通-理想汽车,其他,2,183.82,交通
财付通-深圳市腾讯计算机系统有限公司,其他,2,9.0,娱乐
财付通-淘宝平台商户,网购,2,437.8,网购
财付通-曾三仙米线,其他,2,70.0,餐饮
财付通-无锡市天下第二泉旅游发展集团,其他,2,35.0,酒店/旅游
财付通-很久以前,其他,2,675.8,餐饮
财付通-山姆自助收银,其他,2,747.14,超市/日用
财付通-大庆农场,其他,2,60.0,超市/日用
财付通-去哪儿网,其他,2,3160.64,酒店/旅游
财付通-京东商城平台商户,网购,2,344.39,网购
财付通-中国移动,通讯,2,288.39,通讯
财付通-上海金拱门食品有限公司,餐饮,2,195.8,餐饮
财付通-上海车展,其他,2,491.0,交通
财付通-上海蔡先生餐饮,餐饮,2,7.5,餐饮
财付通-上海爱琴海购物中心,其他,2,44.0,网购
财付通-上海奈湉文化传播有限公司,其他,2,100.0,娱乐
财付通-上海友熙实业发展有限公司,其他,2,27.8,企业/商务服务
财付通-上海全家便利店,超市/日用,2,8.1,超市/日用
财付通-上海儿童医学中心（随申办）,其他,2,218.0,医疗
财付通-上海七宝万科,其他,2,24.0,商场/综合体
财付通-luckincoffee瑞幸咖啡,餐饮,2,33.9,餐饮
财付通-deam+bear,其他,2,72.0,未识别/其他
财付通-ZOKE东方体育中心店,其他,2,28.0,娱乐
财付通-Manner Coffee,其他,2,40.0,餐饮
美团支付-美团特约商户,餐饮,2,223.0,金融/金融服务
美团支付-美团App煌上煌酱鸭（莲花路汇金店,餐饮,2,137.88,餐饮
美团支付-美团App沙县小吃（莲浦府邸店）,餐饮,2,45.52,餐饮
美团支付-美团App大米先生（古北SOHO店）,餐饮,2,44.0,餐饮
美团支付-大众点评App炙和烧肉屋,餐饮,2,76.0,餐饮
支付宝-青岛九舟千帆国际商贸有限责任,其他,2,1477.48,超市/日用
支付宝-重庆西西弗文化传播有限公司,其他,2,69.8,娱乐
支付宝-重庆兴红得聪餐饮管理有限公司,餐饮,2,109.52,餐饮
支付宝-裕兴记面馆,餐饮,2,42.0,餐饮
支付宝-莉莲,其他,2,36.4,餐饮
支付宝-苏宁易购集团股份有限公司苏宁,超市/日用,2,54.0,超市/日用
支付宝-米陀饭团（上海维景印象城店）,其他,2,32.0,餐饮
支付宝-王金龙,其他,2,43.27,个人转账
支付宝-王湫淇,其他,2,92.02,个人转账
支付宝-牛聚惠红烧牛肉面,其他,2,66.45,餐饮
支付宝-牛聚惠2店红烧牛肉面,餐饮,2,60.0,餐饮
支付宝-热氣饼店（上海万象城店）,其他,2,33.3,餐饮
支付宝-湖州居居服装有限公司,其他,2,178.0,网购
支付宝-深圳市闪魔数码科技集团有限公,其他,2,45.7,网购
支付宝-深圳市万生堂实业有限公司,其他,2,198.3,超市/日用
支付宝-润加物业服务(上海)有限公,其他,2,14.93,生活缴费
支付宝-汕头市桦业电子商务有限公司,其他,2,140.81,未识别/其他
支付宝-杭州网阔电子商务有限公司,网购,2,45.0,网购
支付宝-杭州淘票票科技有限公司,其他,2,52.7,娱乐
支付宝-杭州小泰泥商贸有限公司,其他,2,467.1,超市/日用
支付宝-拉扎斯网络科技（上海）有限公司,其他,2,25.78,餐饮
支付宝-成都所见所得科技有限公司,其他,2,272.9,网购
支付宝-徐兰兰,其他,2,10.0,个人转账
支付宝-延边延米餐饮管理有限公司,餐饮,2,54.15,餐饮
支付宝-广州骑安科技有限公司,其他,2,5.1,交通
支付宝-小桔充电,交通,2,84.51,生活缴费
支付宝-宁波市欧库科技有限公司,其他,2,40.74,软件/科技服务
支付宝-夸父科技有限公司,其他,2,576.13,软件/科技服务
支付宝-天津三快信息技术有限公司,其他,2,9.0,软件/科技服务
支付宝-大丸家串物局关东煮,其他,2,18.0,餐饮
支付宝-哲誉丞（上海）商贸有限公司,其他,2,125.8,超市/日用
支付宝-名创优品上海金谊广场店,其他,2,104.6,超市/日用
支付宝-吉香居食品股份有限公司,餐饮,2,37.11,餐饮
支付宝-博库网络有限公司,其他,2,117.0,软件/科技服务
支付宝-北京鲁明鸿科贸有限公司,其他,2,45.0,网购
支付宝-北京嘀嘀无限科技发展有限公司,其他,2,204.0,软件/科技服务
支付宝-北京三快在线科技有限公司,其他,2,509.2,软件/科技服务
支付宝-兴鲜港海鲜大排档,其他,2,684.0,餐饮
支付宝-佛山市尊品阁贸易有限公司,其他,2,241.3,未识别/其他
支付宝-佛山市乐企贸易有限公司,其他,2,88.81,未识别/其他
支付宝-优趣汇（上海）供应链管理有限,其他,2,144.6,企业/商务服务
支付宝-人民法院新闻传媒总社,其他,2,340.0,未识别/其他
支付宝-义乌市生活舍塑料制品有限公司,其他,2,52.6,超市/日用
支付宝-丛林玩家探险乐园,娱乐,2,156.0,娱乐
支付宝-上海高岛屋百货,其他,2,555.09,超市/日用
支付宝-上海馥邑企业管理有限公司,其他,2,4.0,企业/商务服务
支付宝-上海芯愔企业管理有限公司,其他,2,56.12,企业/商务服务
支付宝-上海牛顺餐饮管理有限公司,餐饮,2,466.0,餐饮
支付宝-上海爸比食品有限公司,餐饮,2,69.9,餐饮
支付宝-上海格物致品网络科技有限公司,其他,2,113.9,网购
支付宝-上海来伊份食品,餐饮,2,40.71,餐饮
支付宝-上海新田餐饮有限公司,餐饮,2,73.87,餐饮
支付宝-上海新上铁实业发展集团有限公,其他,2,61.9,企业/商务服务
支付宝-上海德申会口腔门诊部有限公司,其他,2,1519.68,医疗
支付宝-上海市闵行区俐莎超市,超市/日用,2,43.0,超市/日用
支付宝-上海市同仁医院,医疗,2,28.53,医疗
支付宝-上海宜家家居有限公司,其他,2,170.91,家居/日用
支付宝-上海仁陆置业有限公司,其他,2,48.0,生活缴费
支付宝-META CARE (HONG KONG,其他,2,264.76,医疗
支付宝-FASCINO丰盛里店,其他,2,98.75,未识别/其他
抖音支付-苏州工业园区吉顺电气有限公,其他,2,1336.0,家居/日用
抖音支付-杭州宋城独木桥旅行社有限公,其他,2,570.0,酒店/旅游
公共事业缴费（水费）,生活缴费,2,301.8,生活缴费
京东支付-途象工业品京东自营旗舰店,网购,2,152.8,网购
京东支付-爱他美官方旗舰店,网购,2,543.57,网购
京东支付-冈本京东自营旗舰店,网购,2,584.2,网购
京东支付-先享后付订单到期扣款,网购,2,224.91,网购
京东支付-丰巢智能柜,网购,2,1.0,快递/物流
财付通-鼋头渚34,其他,1,25.0,酒店/旅游
财付通-黎耀阳财神糖水铺,其他,1,16.0,餐饮
财付通-鲷饭屋,其他,1,204.0,餐饮
财付通-饿了么,餐饮,1,109.3,餐饮
财付通-食六区龙虾烧烤虹桥店,其他,1,507.0,餐饮
财付通-青团糕点,其他,1,8.0,餐饮
财付通-陵水酒家,其他,1,352.0,个人转账
财付通-长泰广场,其他,1,21.0,商场/综合体
财付通-锐智科技,其他,1,5.0,软件/科技服务
财付通-锅物料理,其他,1,50.6,餐饮
财付通-鑫耀中城,其他,1,15.0,商场/综合体
财付通-遇见小面-上海,其他,1,26.0,餐饮
财付通-连云港苏宁置业有限公司苏宁索菲特,其他,1,1700.0,酒店/旅游
财付通-辛一铜锣烧,餐饮,1,15.0,餐饮
财付通-贝壳平台商户,其他,1,4150.0,未识别/其他
财付通-贝利熊共享童车,其他,1,32.0,交通
财付通-西门六号口,其他,1,24.0,未识别/其他
财付通-西贝,其他,1,16.0,个人转账
财付通-蘇小柳,其他,1,70.0,个人转账
财付通-蓝犀牛搬家,其他,1,446.0,快递/物流
财付通-莫愁旅游,其他,1,200.0,酒店/旅游
财付通-草本初色服饰配件旗舰店,其他,1,94.0,网购
财付通-苏州虎投资产开发有限公司,其他,1,10.0,未识别/其他
财付通-花花卷卷·轻糖蛋糕（新达汇店,其他,1,149.2,餐饮
财付通-腾讯云费用账户-移动支付,通讯,1,14.0,通讯
财付通-秦碗会（传媒港店）,其他,1,31.0,商场/综合体
财付通-禾连健康16,其他,1,2400.0,医疗
财付通-畅停城市停车平台,交通,1,15.0,交通
财付通-田园•里,其他,1,15.0,餐饮
财付通-特来电新能源股份有限公司,其他,1,76.74,生活缴费
财付通-源氏木语,其他,1,323.0,个人转账
财付通-深圳市顺易通信息科技有限公司,其他,1,18.0,通讯
财付通-波司登,其他,1,704.0,个人转账
财付通-沁心面馆(西岸中心),其他,1,27.0,餐饮
财付通-正烧记（印象城店）,其他,1,47.5,商场/综合体
财付通-梅花糕,其他,1,16.0,餐饮
财付通-曼顿果汁,其他,1,15.0,个人转账
财付通-星巴克,餐饮,1,36.0,餐饮
财付通-无锡市锡惠公园管理处,其他,1,140.0,酒店/旅游
财付通-无锡市公共交通集团有限公司,其他,1,10.0,交通
财付通-无锡寄畅园旅行社,其他,1,260.0,酒店/旅游
财付通-无人售货机,其他,1,8.0,超市/日用
财付通-文化公园龙通绿萌,其他,1,12.0,酒店/旅游
财付通-拾螺记桂柳螺丝粉（侨港风情街,其他,1,36.0,餐饮
财付通-拉麵兢技館,其他,1,45.0,未识别/其他
财付通-成都你六姐店,其他,1,52.15,未识别/其他
财付通-快团团,其他,1,699.0,个人转账
财付通-很久以前羊肉串,其他,1,173.2,餐饮
财付通-庙口·鲁肉饭（传媒港G·WALK,其他,1,27.0,餐饮
财付通-广西北海涠洲岛文化旅游集团有,其他,1,20.0,酒店/旅游
财付通-广州唯品会电子商务有限公司,其他,1,308.0,网购
财付通-巴黎贝甜,其他,1,20.0,餐饮
财付通-山姆餐吧,其他,1,28.0,超市/日用
财付通-尚优生鲜直供超市新达汇店,超市/日用,1,37.8,餐饮
财付通-小迷家居供应链,其他,1,12.9,家居/日用
财付通-小桔充电,其他,1,57.17,生活缴费
财付通-子固路拌粉传媒港店,餐饮,1,31.9,餐饮
财付通-夸父炸串,餐饮,1,10.0,餐饮
财付通-天津快智科技有限公司,其他,1,147.0,软件/科技服务
财付通-嘉汇广场地下停车库,交通,1,10.0,交通
财付通-喜茶-上海,其他,1,37.8,餐饮
财付通-味千拉面,其他,1,12.9,餐饮
财付通-吴子劲牛排面,其他,1,28.0,餐饮
财付通-台南擔仔面(黄大洲+黄金城,其他,1,8.0,餐饮
财付通-古早萬丹甜品店,其他,1,21.0,餐饮
财付通-卡通尼潮玩弹珠堂,其他,1,25.0,未识别/其他
财付通-博申自动售货机,其他,1,10.9,未识别/其他
财付通-南京钟山文化发展有限公司,其他,1,30.0,娱乐
财付通-南京金拱门食品有限公司,餐饮,1,48.5,餐饮
财付通-南京市玄武湖公园管理,其他,1,500.0,酒店/旅游
财付通-华为,其他,1,30.0,个人转账
财付通-华三爷拌面（上海徐汇西岸传媒,其他,1,27.0,餐饮
财付通-前滩太古里,其他,1,24.0,商场/综合体
财付通-关东小磨,其他,1,161.0,个人转账
财付通-充值服务,其他,1,12.0,生活缴费
财付通-保利物业服务股份有限公司,其他,1,10.0,生活缴费
财付通-伏牛焖面社,其他,1,27.0,餐饮
财付通-临榆炸鸡腿,餐饮,1,6.0,餐饮
财付通-中石油昆仑网电,其他,1,100.0,交通
财付通-中山陵歪歪房,其他,1,6.0,未识别/其他
财付通-中国平安财产保险股份有限公司,其他,1,6808.28,金融/金融服务
财付通-东方体育中心,其他,1,200.0,娱乐
财付通-上海饰韵橱柜定制店,其他,1,14800.0,未识别/其他
财付通-上海谭浩餐饮管理有限公司,餐饮,1,15.0,餐饮
财付通-上海证大大拇指广场停车场,交通,1,4.0,交通
财付通-上海蟠龙天地（绿地）,娱乐,1,12.0,娱乐
财付通-上海菱建物业管理有限公司,其他,1,20.0,生活缴费
财付通-上海联联睿科能源科技有限公司,其他,1,100.0,软件/科技服务
财付通-上海猪嗲嗲餐饮管理有限公司-,餐饮,1,114.6,餐饮
财付通-上海漫乐城购物中心,其他,1,20.0,网购
财付通-上海海昌海洋公园商品部,其他,1,59.0,酒店/旅游
财付通-上海海昌极地海洋世界有限公司,其他,1,89.0,未识别/其他
财付通-上海浦东高科西路山姆会员商店,订阅/会员,1,573.85,超市/日用
财付通-上海浦东金翊托育有限公司,其他,1,5280.0,未识别/其他
财付通-上海毅程体育发展有限公司,其他,1,4285.0,娱乐
财付通-上海森美国际影城浦东店,其他,1,28.0,未识别/其他
财付通-上海暖猪餐饮管理有限公司,餐饮,1,109.0,餐饮
财付通-上海星夜郎行餐饮管理有限公司,餐饮,1,107.6,餐饮
财付通-上海抹茶未来品牌管理有限公司,其他,1,58.0,餐饮
财付通-上海市闵行区隆桂餐饮店,餐饮,1,20.0,餐饮
财付通-上海市精神卫生中心线上服务,其他,1,335.0,医疗
财付通-上海市儿童医院,医疗,1,89.0,医疗
财付通-上海市东方医院(同济大学附属,医疗,1,3.0,医疗
财付通-上海宜家家居有限公司浦东分公,其他,1,8.99,家居/日用
财付通-上海宜家家居有限公司宜家家居,其他,1,15.0,家居/日用
财付通-上海好林餐饮管理有限公司,餐饮,1,1.0,餐饮
财付通-上海喜士多便利连锁有限公司,其他,1,8.9,超市/日用
财付通-上海吾鹏汽车销售服务有限公司,其他,1,198.0,交通
财付通-上海卡通尼文化发展有限公司,其他,1,158.0,娱乐
财付通-上海华润万家超市有限公司,超市/日用,1,37.6,超市/日用
财付通-上海利军家具有限公司,其他,1,11800.0,家居/日用
财付通-上海乐高乐园有限公司,其他,1,46.5,未识别/其他
财付通-上海世博文化公园,其他,1,256.0,酒店/旅游
财付通-上海世博会有限公司,其他,1,12.0,未识别/其他
财付通-上海万象城,其他,1,16.0,未识别/其他
财付通-上海ZAG饰品陆家浜路店,其他,1,10.0,未识别/其他
财付通-三林印象汇停车场（库）,交通,1,6.0,交通
财付通-万象服务,其他,1,4187.4,个人转账
财付通-万帮星星充电科技有限公司,其他,1,6.86,生活缴费
财付通-七宝古镇停车场,交通,1,10.0,交通
财付通-i车位,交通,1,12.0,交通
财付通-SMG智能零售柜,其他,1,6.0,超市/日用
财付通-NewTV系列产品,超市/日用,1,26.9,超市/日用
财付通-HR助手,其他,1,41.98,未识别/其他
财付通-DRUNK BAKER乐高乐园店,其他,1,32.0,未识别/其他
财付通-DQ,其他,1,35.0,未识别/其他
财付通-B.Duck海洋球乐园,其他,1,119.0,未识别/其他
财付通-7-11上海,其他,1,20.5,超市/日用
财付通-24H智能售货,其他,1,4.5,未识别/其他
美团支付-门票旅游,餐饮,1,776.0,酒店/旅游
美团支付-美团鮨士道寿司（维璟广场店）,餐饮,1,77.8,商场/综合体
美团支付-美团北京三快在线科技有限公司,餐饮,1,128.0,软件/科技服务
美团支付-美团App龙记香港茶餐厅（天山店）,餐饮,1,36.7,餐饮
美团支付-美团App麦记牛奶（维璟印象城店）,餐饮,1,31.0,商场/综合体
美团支付-美团App麦记牛奶（七宝宝龙店）,餐饮,1,31.0,餐饮
美团支付-美团App麦当劳,餐饮,1,16.9,餐饮
美团支付-美团App鲍师傅糕点（江苏路店）,餐饮,1,60.8,餐饮
美团支付-美团App饶想来土菜馆,餐饮,1,15.0,餐饮
美团支付-美团App陵水酒家韩国料理,餐饮,1,41.0,餐饮
美团支付-美团App闪电优购超市（万达店）,餐饮,1,16.49,超市/日用
美团支付-美团App超级碗FOODBOWL(上海尚嘉,餐饮,1,34.8,餐饮
美团支付-美团App读酥世家（七宝宝龙店）,餐饮,1,22.0,餐饮
美团支付-美团App莉莲蛋挞（维璟印象城店）,餐饮,1,43.49,餐饮
美团支付-美团App胡子大厨超级小炒肉,餐饮,1,98.0,餐饮
美团支付-美团App老乡鸡（上海金虹桥店）,餐饮,1,27.3,餐饮
美团支付-美团App老乡鸡（上海莘庄维璟印象,餐饮,1,25.0,餐饮
美团支付-美团App红盔甲（小龙虾烧烤七宝店,餐饮,1,208.0,餐饮
美团支付-美团App禅意小镇拈花湾,餐饮,1,139.0,餐饮
美团支付-美团App真酷母婴（上海闵行总店）,餐饮,1,47.9,餐饮
美团支付-美团App王興記（南禅寺店馄饨小笼,餐饮,1,64.2,餐饮
美团支付-美团App王春春鸡汤饭（上海长风大,餐饮,1,23.45,餐饮
美团支付-美团App渝八两重庆鸡公煲（上海天,餐饮,1,25.9,餐饮
美团支付-美团App毛记湘菜馆（七宝商城店）,餐饮,1,89.9,餐饮
美团支付-美团App柒月粉(金虹桥店),餐饮,1,26.0,餐饮
美团支付-美团App柒月粉,餐饮,1,29.0,餐饮
美团支付-美团App故乡妈妈朝鲜族汤饭（金虹,餐饮,1,29.9,餐饮
美团支付-美团App廣蓮申海派點心（百盛优客,餐饮,1,22.1,餐饮
美团支付-美团App大米先生（古北1699广场店,餐饮,1,26.6,商场/综合体
美团支付-美团App大米先生新鲜现炒（维璟印,餐饮,1,52.8,餐饮
美团支付-美团App大壶春生煎（南丰城店）,餐饮,1,30.3,餐饮
美团支付-美团App亲塔屋东南亚美食,餐饮,1,32.3,餐饮
美团支付-美团App东方炉匠现烤牛肉干（七宝,餐饮,1,72.15,餐饮
美团支付-美团App一品粥(无锡店）,餐饮,1,34.32,餐饮
美团支付-美团AppTims天好咖啡贝果(维璟印,餐饮,1,3.9,餐饮
美团支付-美团AppSuperModel超模厨房（金虹,餐饮,1,29.8,餐饮
美团支付-美团AppMStand咖啡（莘庄维璟印象,餐饮,1,46.0,餐饮
美团支付-美团AppMStand咖啡（尚嘉中心店）,餐饮,1,19.0,餐饮
美团支付-猫眼,餐饮,1,49.9,娱乐
美团支付-天津三快信息技术有限公司,餐饮,1,4.9,软件/科技服务
美团支付-大众点评上海乐高乐园有限公司,餐饮,1,544.0,餐饮
美团支付-大众点评App陳香貴兰州牛肉面,餐饮,1,1.9,餐饮
美团支付-大众点评App跳动时代乐园弹珠机(,餐饮,1,8.8,餐饮
美团支付-大众点评App美芝莲,餐饮,1,19.9,餐饮
美团支付-大众点评App网鱼电竞棋牌(徐汇滨,餐饮,1,69.0,娱乐
美团支付-大众点评App石膳家石锅拌饭,餐饮,1,28.9,餐饮
美团支付-大众点评App眉州东坡,餐饮,1,334.0,餐饮
美团支付-大众点评App王胜利长沙家菜馆,餐饮,1,95.0,餐饮
美团支付-大众点评App温暖你的猪,餐饮,1,19.9,餐饮
美团支付-大众点评App果之满满鲜榨果汁,餐饮,1,18.8,餐饮
美团支付-大众点评App左庭右院鲜牛肉火锅,餐饮,1,93.0,餐饮
美团支付-大众点评App富久日式烤肉,餐饮,1,183.0,餐饮
美团支付-大众点评App奈尔宝家庭中心亲子餐,餐饮,1,193.1,餐饮
美团支付-大众点评App周家二小姐的菜,餐饮,1,285.0,餐饮
美团支付-大众点评AppNOKAYA乃佳屋亲子乐园,餐饮,1,95.3,餐饮
美团支付-大众点评AppGODIVA,餐饮,1,52.0,餐饮
美团支付-大众点评AppCintaBlues亲塔屋东南,餐饮,1,190.0,餐饮
美团支付-团购,餐饮,1,297.0,餐饮
支付宝扫码-国家税务总局上海市黄浦区税务,其他,1,400.0,未识别/其他
支付宝-龙河（上海）食品有限公司,餐饮,1,17.05,餐饮
支付宝-黄绍吟,其他,1,344.04,个人转账
支付宝-黄山旅游园林开发,其他,1,100.0,酒店/旅游
支付宝-黄山华胥氏旅游文化创意有限公,其他,1,8.0,酒店/旅游
支付宝-鮨人饭团无锡苏宁店,其他,1,17.0,餐饮
支付宝-香格里拉大酒店,其他,1,687.0,酒店/旅游
支付宝-饶想来江西土菜馆(七莘路店),其他,1,176.0,餐饮
支付宝-韩宫宴,其他,1,9.99,个人转账
支付宝-霸王（广州）有限公司,其他,1,37.08,未识别/其他
支付宝-陈瑞杰,其他,1,38.89,个人转账
支付宝-陈海雁,其他,1,16.1,个人转账
支付宝-阿甘锅盔上海闵行莘庄维璟印象,其他,1,13.0,餐饮
支付宝-阿拉尔市良漠园商贸有限公司,其他,1,58.74,超市/日用
支付宝-闵行区老香港面包店,餐饮,1,5.9,餐饮
支付宝-长生鹿苑,其他,1,30.0,个人转账
支付宝-长沙渔睿商贸有限公司,其他,1,28.84,超市/日用
支付宝-长沙市鑫畅大药房有限公司,医疗,1,67.5,医疗
支付宝-长沙市若恒信息科技有限公司,其他,1,25.9,软件/科技服务
支付宝-长沙乐开文化传播有限公司,其他,1,16.13,娱乐
支付宝-鑫颛智慧零售,其他,1,3.0,超市/日用
支付宝-邱丽,其他,1,18.8,个人转账
支付宝-邢瑶瑶,其他,1,17.9,个人转账
支付宝-迪卡侬(上海)体育用品有限,其他,1,9.88,娱乐
支付宝-路威酩轩香水化妆品商贸（上海,其他,1,380.0,超市/日用
支付宝-赵一鸣零食连锁,其他,1,26.7,餐饮
支付宝-赢和便利店,超市/日用,1,20.0,超市/日用
支付宝-谢晓东,其他,1,4.31,个人转账
支付宝-西藏福禄网络科技有限公司,其他,1,1.0,软件/科技服务
支付宝-西安怡清工贸有限公司,其他,1,20.0,未识别/其他
支付宝-西塔老太太西岸梦中心店,其他,1,117.8,未识别/其他
支付宝-衣念（上海）时装贸易有限公司,其他,1,397.74,未识别/其他
支付宝-蚌埠夏浮商贸有限责任公司,其他,1,71.24,超市/日用
支付宝-蔡静燕,其他,1,41.4,个人转账
支付宝-蓝波湾网咖连锁,娱乐,1,20.0,娱乐
支付宝-董丽芝,其他,1,25.3,个人转账
支付宝-落日之声海景餐厅,餐饮,1,659.0,餐饮
支付宝-菜饭骨头汤,其他,1,8.99,餐饮
支付宝-莓你不行宝藏店的店,超市/日用,1,39.9,超市/日用
支付宝-苏州高新旅游产业集团有限公司,其他,1,20.0,酒店/旅游
支付宝-苏州市东山雕花楼宾馆有限公司,其他,1,6.0,餐饮
支付宝-芜湖雷士照明电子商务有限公司,其他,1,48.43,未识别/其他
支付宝-芙芙餐饮,餐饮,1,19.0,餐饮
支付宝-舟山馋文化电子商务有限公司,其他,1,39.21,娱乐
支付宝-自贡市谭八爷商贸有限公司,其他,1,26.9,超市/日用
支付宝-肖国华,其他,1,45.8,个人转账
支付宝-老张面馆（尚湾里店）,其他,1,56.0,餐饮
支付宝-美术馆,其他,1,70.0,餐饮
支付宝-罗源县汇景贸易有限公司,其他,1,19.9,未识别/其他
支付宝-网鱼网咖,其他,1,198.85,娱乐
支付宝-绿丰园农家菜,其他,1,549.92,餐饮
支付宝-统一超商(上海)便利有限公,其他,1,6.0,超市/日用
支付宝-纳享(浙江)电子商务有限公,其他,1,10.35,未识别/其他
支付宝-红烧牛肉面金珠路店,其他,1,84.0,餐饮
支付宝-红宝石食品有限公司,餐饮,1,38.0,餐饮
支付宝-程保现,其他,1,10.9,个人转账
支付宝-秦碗会（传媒港店）,其他,1,27.9,商场/综合体
支付宝-秀文路泊车服务部,交通,1,12.0,交通
支付宝-福福饼店·金牌酥皮菠萝包（虹,其他,1,11.85,餐饮
支付宝-福福饼店·金牌酥皮菠萝包（维,其他,1,4.0,餐饮
支付宝-福建南孚市场营销有限公司,其他,1,16.9,超市/日用
支付宝-福州齐晟睿达商贸有限公司,其他,1,27.9,超市/日用
支付宝-福州星耀电子商务有限公司,其他,1,31.4,未识别/其他
支付宝-福州台江区万年利家居用品有限,其他,1,25.4,家居/日用
支付宝-祥兴餐饮店,餐饮,1,8.0,餐饮
支付宝-百胜咨询(上海)有限公司,其他,1,46.88,未识别/其他
支付宝-疆闪闪,其他,1,14.8,个人转账
支付宝-瑞幸咖啡（中国）有限公司,餐饮,1,4.9,餐饮
支付宝-珠海漫奇动漫有限公司,其他,1,63.28,未识别/其他
支付宝-玛伊娅服饰（上海）有限公司宁,其他,1,219.0,网购
支付宝-王胜利长沙家菜馆（三林新达汇,其他,1,66.0,餐饮
支付宝-王宁,其他,1,28.5,个人转账
支付宝-熊治餐饮管理有限公司,餐饮,1,29.0,餐饮
支付宝-煲珠公上海虹桥天地店,其他,1,12.0,未识别/其他
支付宝-焱雨小店,其他,1,5.88,个人转账
支付宝-炙肉米町·现烤汉堡肉料理（传,其他,1,2.0,餐饮
支付宝-炙和烧肉,其他,1,48.0,餐饮
支付宝-源氏木语,其他,1,10506.1,个人转账
支付宝-湖州途光服装有限公司,其他,1,40.53,网购
支付宝-湖北老韩煸鸡煸道食品有限公司,餐饮,1,26.18,餐饮
支付宝-深圳市金英实业有限公司,其他,1,14.8,企业/商务服务
支付宝-深圳市贝贝嘉尔贸易有限公司,其他,1,116.9,未识别/其他
支付宝-深圳市绿联科技股份有限公司,其他,1,30.9,软件/科技服务
支付宝-深圳市神州路通技术有限公司,其他,1,4.97,交通
支付宝-深圳市爱凯斯科技有限公司,其他,1,175.1,软件/科技服务
支付宝-深圳市欧文胶带制品有限公司,其他,1,19.0,未识别/其他
支付宝-深圳市小彼恩母婴有限公司,其他,1,1828.73,未识别/其他
支付宝-深圳市唯尚品网络科技有限公司,其他,1,17.7,软件/科技服务
支付宝-深圳市凯歌电子商务有限公司,其他,1,25.56,未识别/其他
支付宝-深圳市乐科智控科技有限公司,其他,1,3.0,软件/科技服务
支付宝-深圳墨迪洛普时装有限公司,其他,1,356.7,未识别/其他
支付宝-淄博圆满童话商贸有限公司,其他,1,80.82,超市/日用
支付宝-海琪芝华仕头等舱沙发旗舰店,其他,1,8800.0,网购
支付宝-海棠糕,其他,1,7.0,餐饮
支付宝-浦江吉童商贸有限公司,其他,1,187.9,超市/日用
支付宝-浙江徕芬贸易有限公司,其他,1,374.52,未识别/其他
支付宝-浙江天猫技术有限公司,网购,1,88.0,网购
支付宝-济宁润凡科技有限公司,其他,1,80.0,软件/科技服务
支付宝-济宁平治电子有限责任公司,其他,1,4.35,未识别/其他
支付宝-济南朵芳茵商贸有限公司,其他,1,20.46,超市/日用
支付宝-洪振参,其他,1,88.0,个人转账
支付宝-津味(上海)餐饮管理有限公,餐饮,1,13.26,餐饮
支付宝-泉州利杉贸易有限公司,其他,1,135.8,未识别/其他
支付宝-河南逸祥卫生科技有限公司,其他,1,34.3,医疗
支付宝-沪食光,餐饮,1,4.42,餐饮
支付宝-沙县小吃菜饭骨头汤,其他,1,33.0,餐饮
支付宝-沈佳佳,其他,1,224.1,个人转账
支付宝-汪钱飞,其他,1,52.7,个人转账
支付宝-江西麻姑电子商务有限公司,餐饮,1,40.32,餐饮
支付宝-江西省贝肽斯母婴用品有限公司,其他,1,91.85,未识别/其他
支付宝-江苏鱼跃网络科技有限公司,其他,1,177.85,软件/科技服务
支付宝-江苏通行宝智慧交通科技股份有,其他,1,25.0,交通
支付宝-汕头市欧德兄弟商贸有限公司,其他,1,71.82,超市/日用
支付宝-永康市姝诺电子商务有限公司,其他,1,17.32,未识别/其他
支付宝-武汉银羽晶商贸有限公司,其他,1,8.8,超市/日用
支付宝-武汉迅启恒电子商务有限公司,其他,1,8.9,未识别/其他
支付宝-武汉一条鱼商贸有限公司,其他,1,24.82,超市/日用
支付宝-歌帝梵（上海）食品商贸有限公,餐饮,1,55.0,餐饮
支付宝-欧莱雅（中国）有限公司,其他,1,1829.0,未识别/其他
支付宝-欢囍花生,其他,1,130.16,个人转账
支付宝-楼下の面包房,餐饮,1,25.6,餐饮
支付宝-梅州市有喜陶瓷文化有限公司,其他,1,18.13,娱乐
支付宝-杰里（广东）纺织服装有限公司,其他,1,180.72,网购
支付宝-杭州阿鲁丸品牌管理有限公司,其他,1,27.51,未识别/其他
支付宝-杭州阿芙娜时装有限公司,其他,1,1192.35,未识别/其他
支付宝-杭州赫尔罗母婴用品有限公司,其他,1,105.9,未识别/其他
支付宝-杭州焕昇商务科技有限公司,其他,1,28.6,软件/科技服务
支付宝-杭州深度求索,教育,1,50.0,教育
支付宝-杭州梢嘿贸易有限公司,其他,1,16.28,未识别/其他
支付宝-杭州大雁文化发展有限公司,其他,1,41.2,娱乐
支付宝-杭州光合生命企业管理有限公司,其他,1,148.0,企业/商务服务
支付宝-杭州九阳生活电器有限公司,其他,1,88.24,未识别/其他
支付宝-杭州一阅文化策划有限公司,其他,1,35.8,娱乐
支付宝-李阳阳,其他,1,4.84,个人转账
支付宝-李小哈现烤牛肉干,其他,1,69.22,餐饮
支付宝-李五九,其他,1,12.6,个人转账
支付宝-普宁市瑶清琳贸易有限公司,其他,1,43.1,未识别/其他
支付宝-普宁市凯希贸易有限公司,其他,1,4.51,未识别/其他
支付宝-春小集,其他,1,11.0,个人转账
支付宝-无锡市风行绚烂旅行社有限公司,其他,1,1150.0,酒店/旅游
支付宝-无锡市天下第二泉旅游发展集团,其他,1,20.0,酒店/旅游
支付宝-无锡市和畅饮品有限公司,其他,1,18.0,餐饮
支付宝-方暹玲,其他,1,6.6,个人转账
支付宝-新派（上海）餐饮管理有限公司,餐饮,1,614.0,餐饮
支付宝-新国线黄山风景区游客集散中心,其他,1,19.0,酒店/旅游
支付宝-斯凯奇（上海）商业有限公司,其他,1,153.91,网购
支付宝-掌盟软件,其他,1,120.0,软件/科技服务
支付宝-手工打糕,其他,1,25.0,餐饮
支付宝-戴贝（杭州）商贸有限公司,其他,1,185.96,超市/日用
支付宝-戴珂鞋业（上海）有限公司,其他,1,746.1,未识别/其他
支付宝-成都麦恒网络科技有限公司,其他,1,49.45,软件/科技服务
支付宝-成都明建禾网络科技有限公司,其他,1,100.0,软件/科技服务
支付宝-成都文以类聚科技有限公司,其他,1,61.9,软件/科技服务
支付宝-慈溪市公牛电器有限公司,其他,1,58.9,未识别/其他
支付宝-悠悠时光,其他,1,57.94,个人转账
支付宝-得力集团有限公司,其他,1,69.33,未识别/其他
支付宝-徐鸿翔,其他,1,62.24,个人转账
支付宝-彭益胜,其他,1,15.48,个人转账
支付宝-弹弹糖,其他,1,88.0,个人转账
支付宝-张乾威,其他,1,29.9,个人转账
支付宝-张一雷,其他,1,6.9,个人转账
支付宝-廖玉兰,其他,1,15.48,个人转账
支付宝-广州柚好电子商务有限公司,其他,1,35.1,未识别/其他
支付宝-广州柏丫商贸有限公司,其他,1,315.75,超市/日用
支付宝-广州市鑫翔贸易有限公司,其他,1,9.9,未识别/其他
支付宝-广州市莱邦客五金科技有限公司,其他,1,177.6,超市/日用
支付宝-广州市亲子企鹅智能科技股份有,其他,1,48.97,软件/科技服务
支付宝-广州小鹏汽车科技有限公司,其他,1,1638.58,交通
支付宝-广州富宏智能科技有限公司,其他,1,8.0,软件/科技服务
支付宝-广州久光电子商务有限公司,其他,1,28.8,未识别/其他
支付宝-广云堂药业（广东）有限公司,其他,1,21.6,未识别/其他
支付宝-广东美庭塑胶有限公司,其他,1,58.6,未识别/其他
支付宝-广东汕泰食品有限公司,餐饮,1,9.4,餐饮
支付宝-平安健康保险股份有限公司,其他,1,6241.0,医疗
支付宝-常永,其他,1,4.0,个人转账
支付宝-常州塔木德照明有限公司,其他,1,145.2,未识别/其他
支付宝-巩有涛,其他,1,62.9,个人转账
支付宝-山东晤元电子商务有限公司,其他,1,128.9,未识别/其他
支付宝-尚优生鲜直供超市新达汇店,超市/日用,1,12.8,餐饮
支付宝-小菜园南京餐饮管理有限责任公,餐饮,1,59.0,餐饮
支付宝-小红椒·湖湘盖码饭·小炒（传,其他,1,32.5,餐饮
支付宝-小米通讯技术有限公司,其他,1,129.0,通讯
支付宝-家加冒菜,其他,1,41.13,餐饮
支付宝-安徽毛鸡蛋,其他,1,15.0,未识别/其他
支付宝-安徽中科瑞尔福科技有限公司,其他,1,191.0,软件/科技服务
支付宝-宁波果壳电子商务有限公司,其他,1,101.78,未识别/其他
支付宝-宁波市海曙松太塑胶有限公司,其他,1,31.39,未识别/其他
支付宝-宁波孩宝进出口有限公司,其他,1,22.4,未识别/其他
支付宝-宁波如珂母婴用品有限公司,其他,1,26.64,未识别/其他
支付宝-宁波奉化聚梦家居有限公司,其他,1,163.0,家居/日用
支付宝-宁波太平鸟风尚服饰有限公司,其他,1,306.55,网购
支付宝-孙记河鲜面,其他,1,33.0,餐饮
支付宝-孙亚伟,其他,1,26.49,个人转账
支付宝-妙妙薯总公司收款,其他,1,27.74,未识别/其他
支付宝-奶酪博士(安徽)销售有限公,其他,1,52.38,未识别/其他
支付宝-奥乐齐商业（上海）,超市/日用,1,19.8,超市/日用
支付宝-夸父炸串2978,餐饮,1,31.0,餐饮
支付宝-太湖文化旅游,其他,1,120.0,酒店/旅游
支付宝-太仓市沙溪镇鹏欢手工食品店,餐饮,1,9.92,餐饮
支付宝-太仓市沙溪镇乡味居餐馆,其他,1,232.96,餐饮
支付宝-太仓市新容城市运营控股有限公,其他,1,6.0,未识别/其他
支付宝-天津货拉拉科技有限公司,其他,1,71.52,软件/科技服务
支付宝-天津舒行科技有限公司,其他,1,36.0,软件/科技服务
支付宝-四川翠宏食品有限公司,餐饮,1,20.5,餐饮
支付宝-四川沱牌贸易有限公司,其他,1,788.0,未识别/其他
支付宝-喜多多商店583号,其他,1,10.0,未识别/其他
支付宝-哇酷星球上海七宝万科店,其他,1,44.48,商场/综合体
支付宝-周梅红,其他,1,65.0,个人转账
支付宝-名创优品上海浦东印象汇店,其他,1,39.9,超市/日用
支付宝-吉林喵速达贸易有限公司,其他,1,1.0,未识别/其他
支付宝-合肥旅品精选日用品有限公司,其他,1,14.8,超市/日用
支付宝-合肥市包河区浪隆商贸行（个体,其他,1,50.9,餐饮
支付宝-号手（杭州）科技有限公司,其他,1,23.6,软件/科技服务
支付宝-叶冬友,其他,1,27.2,个人转账
支付宝-台州市睿航商贸有限公司,其他,1,37.83,交通
支付宝-台州市橱明星贸易有限公司,其他,1,27.83,未识别/其他
支付宝-友富（上海）有限公司,其他,1,1250.0,未识别/其他
支付宝-原创力（上海）文化创意有限公,其他,1,59.0,娱乐
支付宝-卢美红,其他,1,10.44,个人转账
支付宝-卢仲钦,其他,1,11.9,个人转账
支付宝-卡骆弛贸易（上海）有限公司,其他,1,948.15,未识别/其他
支付宝-南昌川瑞文化传媒有限公司,其他,1,12.8,娱乐
支付宝-南京市中山陵园管理有限责任公,其他,1,19.91,未识别/其他
支付宝-南京克达电子商务有限公司,其他,1,28.7,未识别/其他
支付宝-华三爷拌面（上海徐汇西岸传媒,其他,1,28.0,餐饮
支付宝-北渠湾猪脚饭传媒港店,其他,1,23.51,餐饮
支付宝-北京百度网讯科技有限公司,其他,1,0.7,软件/科技服务
支付宝-北京爱奇艺科技有限公司,娱乐,1,98.0,软件/科技服务
支付宝-北京一商宇洁商贸有限公司,其他,1,1429.0,超市/日用
支付宝-刘颖,其他,1,399.0,个人转账
支付宝-刘进,其他,1,10.0,个人转账
支付宝-优柏拉(上海)科技有限公司,其他,1,232.2,软件/科技服务
支付宝-伍锅焖鸡上海传媒港店,其他,1,29.9,餐饮
支付宝-任妙,其他,1,24.4,个人转账
支付宝-九木杂物社,其他,1,9.9,未识别/其他
支付宝-乐滑之梦,其他,1,50.0,个人转账
支付宝-义乌栖态电子商务有限公司,其他,1,13.8,未识别/其他
支付宝-义乌市高策贸易有限公司,其他,1,30.6,未识别/其他
支付宝-义乌市金豺电子商务有限公司,其他,1,25.82,未识别/其他
支付宝-义乌市葵宁贸易有限公司,其他,1,10.5,未识别/其他
支付宝-义乌市聚业商贸有限公司,其他,1,14.3,超市/日用
支付宝-义乌市羽克电子商务有限公司,其他,1,56.43,未识别/其他
支付宝-义乌市砾通工艺品有限公司,其他,1,14.14,未识别/其他
支付宝-义乌市皖蜀春贸易有限公司,其他,1,9.8,未识别/其他
支付宝-义乌市欧莉电子商务有限公司,其他,1,9.78,未识别/其他
支付宝-义乌市昌梨贸易有限公司,其他,1,71.33,未识别/其他
支付宝-义乌市寰德饰品有限公司,其他,1,7.82,未识别/其他
支付宝-义乌云墨塑料制品有限公司,其他,1,43.76,超市/日用
支付宝-丹阳市柯懿光学眼镜有限公司,其他,1,8.82,未识别/其他
支付宝-中国移动,通讯,1,100.0,通讯
支付宝-东阳市鸿彩工艺品有限公司,其他,1,15.8,未识别/其他
支付宝-东阳市畅道电子商务有限公司,其他,1,3.8,未识别/其他
支付宝-东阳市畅乐贸易有限公司,其他,1,13.43,未识别/其他
支付宝-世纪优选超市,超市/日用,1,11.25,超市/日用
支付宝-上海靓葆贸易有限公司,其他,1,1.0,未识别/其他
支付宝-上海闵行浦江郊野公园运营管理,其他,1,12.0,酒店/旅游
支付宝-上海问硕电子商务有限公司,其他,1,89.86,未识别/其他
支付宝-上海银行股份有限公司,其他,1,170.0,金融/金融服务
支付宝-上海适达餐饮管理有限公司,餐饮,1,23.49,餐饮
支付宝-上海越来越久餐饮有限公司,餐饮,1,3.0,餐饮
支付宝-上海薛记炒货有限公司,其他,1,32.5,未识别/其他
支付宝-上海菜菜超市有限公司,超市/日用,1,8.39,餐饮
支付宝-上海莘庄维璟印象城店,其他,1,12.0,商场/综合体
支付宝-上海莘宝企业管理有限公司,其他,1,24.0,企业/商务服务
支付宝-上海联华超市发展有限公司,超市/日用,1,9.0,超市/日用
支付宝-上海耐特高速公路收费结算有限公司,其他,1,16.0,交通
支付宝-上海美罗城商业管理有限公司,其他,1,15.0,网购
支付宝-上海网渠贸易有限公司,其他,1,46.9,未识别/其他
支付宝-上海积家汇医疗科技有限公司,其他,1,219.91,医疗
支付宝-上海益持科技有限公司,网购,1,20.0,软件/科技服务
支付宝-上海申通地铁资产经营管理有限公司,交通,1,4.0,交通
支付宝-上海焕享飞电子商务有限公司,其他,1,22.03,未识别/其他
支付宝-上海烜洲贸易有限公司,其他,1,71.2,未识别/其他
支付宝-上海海植盆景园艺有限公司,其他,1,59.82,未识别/其他
支付宝-上海波司登电子商务有限公司,其他,1,648.9,未识别/其他
支付宝-上海汗马亭停车管理有限公司,交通,1,15.0,交通
支付宝-上海汇骏捷电子商务有限公司,其他,1,53.52,未识别/其他
支付宝-上海水星电子商务有限公司,其他,1,256.69,未识别/其他
支付宝-上海栋燊实业有限公司,其他,1,10.71,企业/商务服务
支付宝-上海来伊份便利连锁经营有限公,其他,1,18.33,超市/日用
支付宝-上海未来等你文化创意有限公司,其他,1,38.9,娱乐
支付宝-上海朋利来餐饮管理有限公司,餐饮,1,5.0,餐饮
支付宝-上海携程国际旅行社有限公司,其他,1,147.0,酒店/旅游
支付宝-上海承志堂中医门诊部有限公司,其他,1,29.0,医疗
支付宝-上海承志堂,其他,1,14.0,未识别/其他
支付宝-上海慕思寝具旗舰店,其他,1,11800.0,网购
支付宝-上海市闵行区海琪家居停车场,交通,1,6.0,交通
支付宝-上海市闵行区七宝社区卫生服务,其他,1,201.5,医疗
支付宝-上海小度人工智能有限公司,其他,1,8.8,未识别/其他
支付宝-上海复医天健医疗服务产业股份,其他,1,6.0,医疗
支付宝-上海哈领餐饮管理有限公司,餐饮,1,18.0,餐饮
支付宝-上海味师餐饮管理有限公司,餐饮,1,24.4,餐饮
支付宝-上海吴锐贸易有限公司,其他,1,22.95,未识别/其他
支付宝-上海卡乐优儿童用品有限公司,其他,1,9.9,未识别/其他
支付宝-上海利军家具有限公司,其他,1,11800.0,家居/日用
支付宝-上海凯捷之驾汽车美容有限公司,其他,1,68.0,交通
支付宝-上海凌晟维璟物业管理有限公司,其他,1,16.0,生活缴费
支付宝-上海公牛信息科技有限公司,其他,1,369.52,软件/科技服务
支付宝-上海仁方停车管理有限公司,交通,1,10.0,交通
支付宝-上海丽人丽妆化妆品股份有限公,其他,1,80.1,未识别/其他
支付宝-上海中海物业管理有限公司,其他,1,5.0,生活缴费
支付宝-上海东方花园二期,其他,1,5.0,未识别/其他
支付宝-上海东亚体育文化中心有限公司,其他,1,12.0,娱乐
支付宝-上海世博文化公园建设管理有限,其他,1,24.0,酒店/旅游
支付宝-上海三杨物业公司,其他,1,300.0,生活缴费
支付宝-一幸（万科广场商务楼店）,其他,1,446.0,商场/综合体
支付宝-kikihuli的店,其他,1,15.9,未识别/其他
支付宝-i车位,其他,1,12.0,交通
支付宝-TOPTOY上海维璟印象城潮玩集合,娱乐,1,39.0,商场/综合体
支付宝-SuperDe GmbH,其他,1,29.0,未识别/其他
支付宝-Russo Realm罗宋千礼·罗宋面包,餐饮,1,6.7,餐饮
支付宝-KKV,其他,1,82.74,未识别/其他
支付宝-Cinta Blues亲塔屋东南亚美食,其他,1,136.0,餐饮
支付宝-007864上海分浦东新区中房金谊,其他,1,9.81,未识别/其他
抖音支付-苏州工业园区金鸡湖大酒店有,其他,1,999.0,酒店/旅游
抖音支付-福安市聚龙岛游乐园（个体工,其他,1,86.7,娱乐
抖音支付-深圳市艾莎娜电子商务有限公,其他,1,39.9,未识别/其他
抖音支付-浙江绿城元和房地产开发有限,其他,1,2399.0,未识别/其他
抖音支付-抖音小程序商家,其他,1,78.99,网购
抖音支付-成都光合信号科技有限公司,其他,1,24.8,软件/科技服务
抖音支付-小程序商家交易款,其他,1,288.99,网购
抖音支付-叮咚买菜,其他,1,14.42,餐饮
抖音支付-北京野人先生餐饮管理有限责,餐饮,1,24.9,餐饮
抖音支付-义乌市汉鑫体育用品有限公司,其他,1,19.9,娱乐
抖音支付-上海金贝铭泰文化旅游发展有,其他,1,155.0,酒店/旅游
抖音支付-上海比戈斯体育文化发展有限,其他,1,168.0,娱乐
抖音支付-上海小贝壳餐饮管理有限公司,餐饮,1,19.9,餐饮
抖音支付-上海兴鲜港农业科技发展有限,其他,1,59.84,餐饮
手机银行饭票,其他,1,18.68,餐饮
京东支付-酷味乐,网购,1,18.0,餐饮
京东支付-贝恩施京东自营旗舰店,网购,1,49.67,网购
京东支付-英氏洗护旗舰店,网购,1,150.9,网购
京东支付-芭比童鞋京东自营旗舰店,网购,1,154.12,网购
京东支付-纽强母婴旗舰店,网购,1,250.5,网购
京东支付-纽强京东自营旗舰店,网购,1,353.44,网购
京东支付-紐瑞優（neurio）京东自营旗舰店,网购,1,741.0,网购
京东支付-紐瑞優（neurio）京东自营,网购,1,700.0,网购
京东支付-童年故事ChildStory京东自营旗舰,网购,1,340.8,网购
京东支付-窝小芽官方旗舰店,网购,1,59.0,网购
京东支付-玛米玛卡 MOMOCO京东自营旗舰店,网购,1,219.09,网购
京东支付-爱贝迪拉旗舰店,网购,1,38.7,网购
京东支付-爱他美京东自营旗舰店,网购,1,776.99,网购
京东支付-溪木源京东自营旗舰店,网购,1,25.3,网购
京东支付-润本官方旗舰店,网购,1,40.89,网购
京东支付-润本京东自营旗舰店,网购,1,55.74,网购
京东支付-武汉市蓝禅舞远百货有限公司,网购,1,64.0,超市/日用
京东支付-新秀丽男包京东自营旗舰店,网购,1,268.9,餐饮
京东支付-恩威京东自营旗舰店,网购,1,88.78,网购
京东支付-巴厘小猪童装旗舰店,网购,1,46.74,网购
京东支付-好奇纸尿裤旗舰店,网购,1,86.7,网购
京东支付-哈灵面馆,网购,1,36.81,餐饮
京东支付-人民法院出版社京东自营旗舰店,网购,1,185.64,网购
京东支付-京东商城,网购,1,29.9,网购
京东支付-五粮液京东自营旗舰店,网购,1,1689.8,网购
京东支付-义乌市夏许贸易有限公司,网购,1,15.9,网购
京东支付-naturewise海外京东自营旗舰,网购,1,159.0,网购
京东支付-MIKIHOUSE京东自营旗舰店,网购,1,377.27,网购
云闪付扫码-财付通(银联云闪付),其他,1,31.0,未识别/其他
云闪付扫码-上海蜀葵实业有限公司,其他,1,6600.0,企业/商务服务
云闪付-国家税务总局上海市税务局,生活缴费,1,76001.26,生活缴费
